{
  "metadata": {
    "schemaVersion": "1.0",
    "importType": "LEX",
    "importFormat": "JSON"
  },
  "resource": {
    "name": "RiskLevel",
    "version": "2",
    "enumerationValues": [
      {
        "value": "High"
      },
      {
        "value": "Very Low"
      },
      {
        "value": "Low",
        "synonyms": [
          "minimal"
        ]
      },
      {
        "value": "Medium",
        "synonyms": [
          "average"
        ]
      },
      {
        "value": "Very High",
        "synonyms": [
          "maximum"
        ]
      },
      {
        "value": "None",
        "synonyms": [
          "nothing"
        ]
      }
    ],
    "valueSelectionStrategy": "TOP_RESOLUTION"
  }
}